{
	"$schema": "https://raw.githubusercontent.com/martinring/tmlanguage/master/tmlanguage.json",
	"name": "Lopla",
	"patterns": [
		{
			"include": "#keywords"
		},
		{
			"include": "#strings"
		},
		{
			"include": "#functions"
		}
	],
	"repository": {
		"keywords": {
			"patterns": [{
				"name": "keyword.control.lopla",
				"match": "\\b(if|while|function|return)\\b"
			}
			]
		},
		"strings": {
			"name": "string.quoted.double.lopla",
			"begin": "\"",
			"end": "\"",
			"patterns": [
				{
					"name": "constant.character.escape.lopla",
					"match": "\\\\."
				}
			]
		},
		"functions":{
			"patterns": [{
				"name": "entity.name.function",
				"match": "\\b([a-zA-Z]*[.][a-zA-Z]*)\\b"
			}]
		}		
	},
	"scopeName": "source.lopla"
}